a045index	623ee73dc	0
addtable	75678fa12	0
assignadr	e85965716	0
bellnote	ddc471751	0
bellweb	1281f9113	0
booth	e0634267a	0
caltakings	4862cc72e	3
cap	5a8bda603	0
capreads	eadda4b15	0
cellar	093416f16	0
cellardoor	c21caa2c9	0
cellarledger	ab0f599a4	0
countryfirst	b49008c4e	2
dash	34098a128	0
dashtuck	5f99edfb3	0
dayexclude	90501d105	0
delivverify	cac2a6266	0
delivverify-b	8a132f08c	0
docwrites	10642298c	0
doortime	3b0e69b8c	0
events	b217713e3	0
f2redate	3426a3fcf	0
f9race	fd4001395	0
firstmenu	7f4576516	0
fmt	f74f156f2	0
fmt2	559d86bb7	0
glasspour	23c520dda	0
houseswitch	c50e54d4c	2
iswine	c3b1a227e	0
linepair	2a9ea6928	0
logs	0fcbdec47	0
mailguess	de8717937	0
moneybell	8c362c73f	0
netsales	6d0b4f194	0
offbook	eb605580f	0
ordersccy	5b93fe07e	0
p0net	7fb476a37	0
postime	af7e68990	0
promogate	d66af175e	0
proxies	2d3ec34b8	0
rawline	18c2de14e	0
rec	aa1c00479	0
receivingccy	2b7dd64a1	0
recregisters	6e1ea69bb	0
seatsnote	ef8c08605	0
servesize	a1a1e86a5	0
sig	6272ff411	0
sighting	3f17bc311	0
sourcesunread	f581912c4	0
stateeditor	50c9f69fb	0
stockcut	7f78fd109	0
stockout	4234b3a8f	0
t11	69c70e323	0
tables	cc0935f18	0
tablesins	69b059bb3	0
tz	e9776478a	0
units	5168c70f9	2
zoneaddr	c8b7761ce	0
